SMILES,Score
COCCN(Cc1ccc(C(=O)NCCO)cc1Cl)C(Cc1cccc(Cl)c1)C(=O)NC(CC(F)F)C(=O)NCCOC(=O)N(C)C,0.617365837097168
C=CCC(C(=O)O)N(Cc1ccc(OCCN(CC(=O)O)CC(=O)O)cc1)C(=O)c1ccc(OC(F)(F)F)cc1,0.6146987080574036
O=C(O)COc1ccc(NC(=S)NC2CCOC2=O)c(Cl)c1,0.5925599336624146
COC(=O)CNC(=O)CNC(=O)C=CC(=O)OCC(=O)NCCO,0.5916333794593811
CC(C)NCC(O)COc1ccc(OCCOCCNCC(=O)NO)cc1,0.5916017889976501
CNC1NC(=O)N(CC(=O)NCC(=O)Nc2ccc(S(=O)(=O)N3CCOCC3)cc2)C1=O,0.5915813446044922
CN(CC(=O)Nc1ccc(NC(=O)C(=Cc2ccccc2)NC(=O)c2cccc(O)c2)c(C(N)=O)c1)C(=O)NC(CO)C(=O)NC(C)C(=O)NCC(=O)O,0.5898489356040955
O=C(CNC(=O)C(=O)Nc1ccc(Cl)c(C(=O)O)c1)NN=CC=Cc1ccccc1[N+](=O)[O-],0.5859041810035706
COCCCNC(=O)CNC(=O)Cn1cnc2ccccc2c1=O,0.5840518474578857
NC(=O)n1cc(NC(=O)N2CC(F)CC2CNC(=O)c2cc(NC(=O)Nc3ccc(C(=O)O)c(F)c3)ccc2Cl)c2cc([N+](=O)[O-])ccc21,0.5758175849914551
O=C1OCCN1c1cc(-c2ccc(F)c(C(=O)N3CC4CC(C3)c3cccc(=O)n34)n2)c(-c2ccccc2Nc2ccc(N3CCOCC3)cc2)nn1,0.5749497413635254
C=C1C(O)CCC2(C)C(CC(=O)C=C(C)C)C(C(=O)OC)=C(C(O)C(O)C1O)C(C)(O)C(C)CC(OC(C)=O)C2C=C(C)C,0.5746262669563293
O=C(O)CCn1c(=O)c(C(=O)NCCN2CCOCC2)c(C(=O)Nc2ccc(S(=O)(=O)N3CCOCC3)cc2)n1-c1ccc(C(F)(F)F)cc1,0.5717152953147888
O=C(Cc1ccsc1NCc1cc(=O)[nH]c2sccc12)N1CCN(CCO)CC1,0.5716946125030518
O=C1N(Cc2ccc(-c3cc(C(F)(F)F)cc(NC4CCC(O)C(O)C4)c3)c(F)c2F)CC(CO)O1,0.5715946555137634
Cc1ncnc(N2CC3CN(C(=O)CC(N)Cc4cc(F)c(F)cc4F)CC3C2)c1F,0.5710785388946533
CC(C)C(=O)c1c[nH]c(C(=O)NCCCN(C)CCO)n1,0.569820761680603
CC(OC(=O)c1cccc(S(=O)(=O)N(C)Cc2ccccc2)c1)C(=O)N1CCOC(c2ccccc2)C1,0.5695675611495972
O=C(c1cn(-c2ccc([N+](=O)[O-])cc2)nc1-c1ccc(OCCN2CCOCC2)cc1)c1ccc(Cl)cc1,0.5692012310028076
CCN(CC)CCNC(=O)c1cc2c3ccccc3[nH]c2c2nc(-c3ccco3)nn12,0.5691002011299133
C1CON=C(c2nnc(-c3ccccc3)o2)N1,0.5688819885253906
Cc1cc([N+](=O)[O-])nn1CC(=O)NN=Cc1cc(Br)c(O)c(Br)c1,0.568831741809845
CC1(C(=O)NC(=S)Nc2ccccc2NC(=O)Nc2cccc(C#N)c2)CC1(Cl)Cl,0.5687775015830994
OCC(O)C(O)CN1CCN(Cc2ccccc2)CC1,0.5687556862831116
CC(C)(CNC(=O)c1ccc(-c2cccc(NS(C)(=O)=O)c2)cc1)c1ccc(Cl)c(F)c1,0.5685654282569885
COCCn1c(=O)c(C)nc2c(-c3ccc(Cl)cc3Cl)ccnc21,0.5684368014335632
Cc1cc([N+](=O)[O-])nn1CC(=O)NCc1ccc(F)cc1,0.5682910084724426
O=C(CNS(=O)(=O)NCc1ccccc1)NNC(=O)COc1ccc(Cl)cc1Cl,0.5681688785552979
O=C(Nc1cccc(SC(F)(F)F)c1)N1CCN(S(=O)(=O)c2ccccc2F)CC1,0.5676528811454773
COCCCOc1cc(CC(CC(N)C(O)CC(C)C(=O)NCCN(Cc2ccc(S(N)(=O)=O)cc2)C(F)(F)C(=O)N(C)C)C(C)C)ccc1OC,0.5674494504928589
c1cc(COCC(OCCc2ccc(Cl)c(Cl)c2)CN2CCN(S(=O)(=O)c3ccccc3)CC2)ccc1CN1CCNCC1,0.56742262840271
COCCNC(=O)C(Cc1cccc(C)c1)NC(=O)C(CC(=O)NO)NC(C)=O,0.5670170783996582
CCOC(=O)CNc1nc(-c2cccc(N(C)C)c2)cc(C(F)(F)F)n1,0.5666568279266357
CCc1ccc(C=CC(=O)NCCO)cc1CNC(=O)C(=O)NO,0.5655297040939331
Cc1ccc(CNC(=O)Cn2c(CCC(=O)O)ccc2Nc2nc(Cl)nc3ccccc23)cc1,0.5648678541183472
CC(C)(C)Nc1nc(C(=O)NCC(=O)NC(CC(=O)O)c2ccccc2Cl)no1,0.564119815826416
O=C(NC(Cc1ccccc1)C(=O)NC(Cc1ccc(O)cc1)C(=O)O)OCc1ccccc1,0.5637245178222656
CCOC(=O)Nc1nc2cc(C(=O)NC(C)c3ccc(C(C)(C)C)cc3)ccc2[nH]1,0.5636835098266602
Cc1csc(NC(=O)C(C)(C)C(=O)Nc2cc(C(F)(F)F)ccc2N2CCOCC2)n1,0.5635656714439392
O=C(Nc1cc([N+](=O)[O-])ccc1OC(=O)c1ccc(Cl)cc1Cl)c1ccccc1C(=O)NN=Cc1ccccc1[N+](=O)[O-],0.5633399486541748
COc1ccc(C=NN=C(N)NO)c(O)c1CN(C)CCN(C)C,0.5629361271858215
CN(C)Cc1cc(OC(=O)N(C)C)cc(CCC(=O)NCCCN(C)C)c1O,0.5626181960105896
OCCn1ncc(-c2ccc(Oc3ccc4c(c3)CCC4)cc2)n1,0.5625383257865906
COC(=O)CCC1CC(c2ccc(NC(=N)N)cc2)=NC(C)=C1C(=O)Nc1cccc(S(=O)(=O)N(C)C)c1,0.5619229078292847
CC(C)N(CC(C)(CNC(=O)C(C)(C)N(C)C(=O)CNC(=O)CN1CCC2(CC1)C(=O)NCN2c1ccccc1)C(=O)O)C(=O)NS(=O)(=O)c1ccccc1,0.5615247488021851
COC(=O)c1cccc(NC(=O)N2CCc3cc(S(=O)(=O)N(C)C)sc3C2)c1,0.561116099357605
COc1ccc2c(c1)OC(c1ccc(O)cc1)CC2=O,0.5608282089233398
CC(=O)c1c(C)[nH]c(C(=O)OCC(=O)Nc2ccc(Cl)c(S(=O)(=O)N3CCOCC3)c2)c1C,0.560808002948761
O=c1[nH]c(CCN2C(=O)c3ccccc3C2=O)nc2cc(Cl)ccc12,0.5606991648674011
COc1cc2ncnc(Nc3ccc4c(c3)OCCN4C(=O)Nc3ccc(Cl)cc3)c2cc1NC(=O)C=CC=CC(=O)N1CCOCC1,0.5606098175048828
O=C1CC(C(=O)NCCCNCCCOC2OC(CNc3ccc([N+](=O)[O-])cn3)COC2=O)C(O)C1O,0.5603962540626526
NCc1cccc(-c2ccc(NC(=O)c3cc(NC(=O)c4cc5ccccc5o4)ccc3N)cc2)c1,0.5603521466255188
O=C(NCCO)c1cc(-c2nc3ccccc3s2)c[nH]1,0.5601571202278137
COc1cc([N+](=O)[O-])ccc1NC(=O)N1CCC(N2C(=O)Nc3ccccc3N3CCOCC32)CC1,0.5597830414772034
CCOC(=O)N1CCN(C(=O)CNS(=O)(=O)c2ccc3c(c2)CCC(=O)N3)CC1,0.5597758293151855
NC(=NOC(=O)C1CCN(CCCN2CCOCC2)C1)c1ccc(Cl)c(Cl)c1,0.559707760810852
CC(C)(C)NCC(O)COc1ccc(Cl)c2ccccc12,0.5596073865890503
COc1c2c(cc3c1C1C(CC3CCN1CCO)OCCO2)OC[n+]1ccccc1,0.5595803260803223
Nc1ccc(-c2cccs2)nn1,0.5594951510429382
O=C(c1ccc(S(=O)(=O)N2CCC(C(=O)O)(S(=O)(=O)c3ccccc3)CC2)cc1)N1CCOCC1,0.5593680143356323
CCS(=O)(=O)C1=CC(C2(c3ccc(Cl)cc3)CCC(N3CCN(C(C)=O)CC3)=NO2)C(=O)N1CC,0.5590088963508606
Cn1cccc1C(=O)NCC1CN(C(=O)Cc2cccs2)CC(C)O1,0.5589306354522705
Oc1cc(Cl)c(Cl)cc1Oc1c(Cl)cc(Cl)cc1CNCC1CO1,0.5587388873100281
CCC(=O)Nc1cc(C(=O)NCc2cccc(C(F)(F)F)c2)c(C)nc1C,0.5587311387062073
CC1Cc2cc(O)c(O)cc2C2CC[N+]3(CC(=O)C3=O)C1C2,0.5587013959884644
CS(=O)(=O)c1nc2cc(Cl)ccc2oc1=O,0.5581207871437073
CC(c1ccccc1)N(C)CC(=O)Nc1ccc(S(N)(=O)=O)cc1,0.5579718947410583
CCn1cc2c(nc(NC(=O)Nc3ccc(C)cc3)n3nc(-c4ccco4)nc23)n1,0.5578194856643677
CC(=O)Nc1cccc(S(=O)(=O)NC(=O)Cc2cccc(OC(F)(F)F)c2)c1,0.5576459169387817
CN(C)CCCN=Nc1ccc(Nc2ccc(NC(=O)C(C)(C)CF)cc2)c2ccccc12,0.5574659109115601
C=C(C(=O)c1ccc(C)cc1)N(CCN(CC)CC)c1c(N)n(Cc2ccccc2)c(=O)[nH]c1=O,0.5574582815170288
Cc1onc(-c2c(Cl)cccc2Cl)c1NC(=O)Nc1ccsc1C(=O)NCCC(=O)O,0.5574319958686829
O=C(C=Cc1cccc(F)c1)NCCCN1CCN(CCC=C(c2ccccc2)c2ccccc2)CC1,0.5566837787628174
COc1ccc(N(CC(=O)NCCS(C)(=O)=O)Cc2ccncc2)cc1[N+](=O)[O-],0.5565537214279175
O=S(=O)(c1ccc(S(=O)(=O)Cc2ccccc2)cc1)N(Cc1ccc([N+](=O)[O-])cc1)C1C=CS(=O)(=O)C1,0.5561283230781555
CC(CNC(=O)c1cc(Cl)nc2ccccc12)N(C)C,0.5559014081954956
CC(C)(N)COc1ccc(S(=O)(=O)NCCc2ccc3ccc(C(=N)N)cc3c2)cc1,0.555657148361206
Cc1cc(SC(F)(F)C(F)Cl)c(C(=O)Nc2ccc3c(c2)C(=O)N(CC2CCCO3)C2=O)cn1,0.5554142594337463
O=C1C=C(NC2CCOCC2)C(=O)N1c1ccc(Cl)cc1,0.5553234815597534
CCNC(=S)NC1CC(C)(C)C(=O)C2C(C)(O)C(OC(C)=O)CCC2(C)C1C=CC1=CC(C)(C)N1[O],0.5551530718803406
CCC(C)NC(=O)Nc1ccc(OCc2ccc(Br)cc2)cc1C(=O)NC1CCOC1,0.554876983165741
CC(C)(C)OC(=O)NC(Cc1ccccc1F)C(=O)Nc1cc(NC(=O)C=Cc2ccc(O)cc2)ccc1F,0.5548643469810486
CC(C)NC(=O)c1cc(COc2ccc(F)cc2C(F)(F)F)on1,0.5545970797538757
COc1cc(Cl)c(C(=O)OCC(=O)Nc2ccc(N3CCNCC3)cc2)c(Cl)c1CC=C(C)C,0.55437833070755
COc1cc2c(cc1OC)C(=O)C(C#N)Cc1c(C)c(C)c(C)c(C#N)c1-2,0.5538564324378967
NC(=S)NN=C(c1ccc(-c2ccc(C(=O)O)cc2)cc1)C1=NN(c2ccc(O)cc2)C(CC(=O)O)C1,0.5536893010139465
CNC(=O)C1Cc2c([nH]c3ccc(F)cc23)C2(N1)C(=O)Nc1c(C)cc(Cl)cc12,0.553641676902771
CNCc1ccc(OCC(=O)NCc2ccco2)c(C)c1,0.5535846948623657
NC(Cc1ccc(NC(=O)c2ccc(N)c(C(=O)NCCC(=O)O)c2)c(S(N)(=O)=O)c1)C(=O)O,0.5535531640052795
OC(CCN(Cc1ccc(NCc2ccco2)cc1)C(F)(F)F)c1ccccc1,0.5534515976905823
C=C(C)CNC(=O)C=C(C)c1ccc(CC(=O)O)cc1,0.552833080291748
COC(=O)NNC(=O)CN1C(=O)N(c2cccc(C)c2C)C(=O)C1(C)c1ccccc1,0.5525245070457458
COC(=O)C1c2c(cc(OC)c(OC)c2OC)N(C(=O)Oc2ccc(C(F)(F)F)cc2)C1C(=O)NC(C)(C)CC,0.5525118112564087
CC(NC(=O)Nc1ccc(OCc2ccccc2)cc1)C(Cl)(Cl)Cl,0.5524652004241943
COc1cccc(CNC(=O)C2CCN(S(=O)(=O)c3ccc(Cl)c(C(=O)Nc4ccc(C(=O)OC(C)(C)C)cc4)c3)CC2)c1,0.5524101853370667
CCC1CN(C(=O)Nc2ccccc2C)CCN1c1cccnc1,0.5519567728042603
CCOc1ccccc1CNC(=O)C1(C)CCN1C(=O)Cc1cc(Cl)cc(Cl)c1,0.5519436001777649
O=C(c1cccc(N=C(S)N2CCOCC2)c1)N(CCCN1CCOCC1)Cc1ccccc1,0.5515663027763367
CC(=O)N1CCC(N(NC(=O)c2ccc(-c3ccccc3S(N)(=O)=O)cc2)C(=O)N(C)C2CC=CCC2C(C)C)C(=O)N1,0.5513311624526978
COc1ccc(NC(=O)C2(C(=O)Nc3c(C(=O)NCCCN(C)C)cccc3C(C)C)c3ccccc3CCC2=O)c(OC)c1,0.5512868165969849
CC(=O)c1ccc(Nc2nc(NCc3ccc(S(N)(=O)=O)cc3)nc3ccccc23)c(C)c1,0.5512487292289734
CCOc1cc(OCC(O)CNC(C)CCCN)c2nc(C)ccc2c1C(=O)OC,0.5511072278022766
Cc1cc(O)cc(C)c1CC(N)C(=O)NC(C)C(=O)NC(Cc1ccc(O)cc1)C(=O)NC1CC(=O)OC1O,0.5509957671165466
CC(C)(C)OC(=O)N1CCN(c2nc(C(=O)Nc3cccc(C(N)=O)c3)c(F)cc2NC(=O)c2cccc(F)c2)CC1,0.550958514213562
Nc1c(C(=O)c2cccc3ccccc23)nnn1Cc1ccccc1,0.5506334900856018
COc1ccc(CCOc2cc(-c3cccc(C(C)C)c3)n(CCCN)n2)cc1,0.5505695939064026
CC(C)Cn1c(N)c(C(=O)O)c(=O)c2cc(F)c(N3CCC(N)C3)nc21,0.5504048466682434
Cc1ccnc(CNc2nc3cccc(-c4c(F)cccc4OC(C)C)n3n2)c1,0.5503663420677185
O=C(Nc1ccc(Cl)cc1)C1Cc2ccccc2CN1C(=O)c1ccc(Cl)c(Cl)c1,0.5501635670661926
O=c1c2ccccc2nc(C=Cc2ccccc2)n1NC(=O)c1ccco1,0.5498611927032471
CN1CCC(N(Cc2ccc(Br)cc2)C(=O)N2CCC2)C(C(=O)NO)C1,0.5497407913208008
CNCC1CCC(C(=O)N(O)c2ccc(NS(C)(=O)=O)cc2)C1,0.5495662093162537
CCCS(=O)(=O)Nc1ccc(-c2ncc3c(n2)-c2ccc(Cl)cc2NC(=O)C3)cc1Cl,0.5495337247848511
CCC(C)NC(=O)c1ccc(NCc2ccccc2Cl)cc1O,0.5495109558105469
C=CCN1CC(=Cc2cccnc2)C(=O)C(=Cc2cccc([N+](=O)[O-])c2)C1=O,0.5493996739387512
CC1COC(=O)C(Cc2ccc(F)cc2)=C1C=O,0.5491626858711243
CCc1ccc(-c2nn(CC)c(=O)c3ccccc23)cc1S(=O)(=O)NCCN1CCN(CCCN(C)C(C)=O)CC1,0.5490858554840088
CN(C)c1ccc(C#Cc2cn(C3CCNCC3)nn2)cc1,0.549077570438385
COC(=O)C(F)(F)C(=O)NC1CCC(n2cnc3cc(C(F)(F)F)ccc32)C1,0.5489924550056458
O=C(O)c1cc(C#Cc2ccccc2)ccc1S(=O)(=O)NCCc1ccc(F)cc1,0.5487986207008362
N#CC(=Cc1cc(O)c(O)c(O)c1)C(=O)NN=Cc1cc([N+](=O)[O-])c([N+](=O)[O-])c([N+](=O)[O-])c1,0.5485250353813171
CC(C)C1=CC2CC3(C=O)C4CCC(C)C4CC2(CCOC(=O)CC(C(C)=O)CCOC(C)(CO)CO)C1(C)C3=O,0.5483628511428833
COc1cc(Nc2nc(NC3CCN(Cc4ccc5ccccc5c4)CC3)c3ccccc3n2)cc(C(=O)NC(C)(C)CC(F)(F)F)c1,0.5482298731803894
CCOC(=O)c1oc2ccccc2c1NC(=O)NCCCNC(=O)COc1ccc(Cl)cc1Cl,0.5478295087814331
Cc1ccc(-c2nc3c(N4CCN(C)CC4)n[nH]c3cn2)cc1C(F)(F)F,0.5477457046508789
CC(C)OCC(O)CNCc1cccc(COc2ccccc2)c1,0.5477083325386047
CC(C)(C)n1ncc2c(=O)n(Cc3ccc(Cl)c(Cl)c3)cnc21,0.5476892590522766
CC(=O)OC1CCC2(C)C(CCC3(C)C2C(=O)C=C2C4CC(C)(NC(=O)NS(C)(=O)=O)CCC4(C)CCC23C)C1(C)C,0.5470157861709595
O=C(c1ccc[nH]1)N1CC(C(=O)NCC2COc3ccccc3O2)CC1,0.5466765761375427
CN1OCC2CCN(Cc3cccc(C(C)(C)O)c3)C(Cc3c(O)cccc31)C2(C)C,0.5464767217636108
N#Cc1cccc([S+](=O)([O-])N2CCN(c3nc4ncccc4[nH]3)CC2)c1,0.5463453531265259
Cc1cc(COc2ccc(S(=O)(=O)N3CCC(NC(=O)OC(C)(C)C)CC3C(=O)NO)cc2)c2ccccc2n1,0.5463100671768188
O=C(CSc1ccc([N+](=O)[O-])cc1[N+](=O)[O-])c1ccc([N+](=O)[O-])cc1[N+](=O)[O-],0.5460559129714966
CCn1nnc(NC(=S)NC(=O)C=CC(C)=CC(=O)OCC)c(OC(=O)CCCOC)c1=O,0.5457892417907715
Cc1cccc(C)c1NC(=O)CN1CCOCC1,0.545746386051178
CC1(C)N=C(N)N=C(N)N1c1ccc(SCC(=O)Nc2ccc(S(N)(=O)=O)cc2)cc1[N+](=O)[O-],0.5457389950752258
O=[N+]([O-])c1ccc(Cn2cc(CNc3cccc(Oc4cc(Cl)ccc4Cl)c3)nn2)cc1,0.5456081628799438
CCN(CC1CCN(C(=O)C(N)CC(C)C)CC1)c1cncc(C(=O)NCc2ccc(F)c(F)c2)c1,0.5455178618431091
Cc1cc(-c2n[nH]c3cc(NC(=O)NC4COCCN4)ncc23)cnn1,0.5454564094543457
CCN(CCc1ccccn1)C(=O)NC(C)C,0.5454427003860474
COc1ccccc1CCNC(=O)CS(=O)(=O)Cc1ccccc1,0.5451794266700745
CC1CN(C(C)CO)C(=O)c2cc(NC(=O)Nc3ccc4c(c3)OCO4)ccc2OC1CN(C)C(=O)Nc1ccc2ccccc2c1,0.5451172590255737
C=CCN(c1ccccc1)C1=NCCN1,0.5449553728103638
c1ccc(CCNCc2csc(-c3ccccn3)n2)cc1,0.5448747873306274
CN(C)c1ncc2c(n1)CN(Cc1nc3ccccc3[nH]1)CC2,0.5447631478309631
Cc1ccc(NC(=O)CSc2nc(C)cc(C)n2)c(C)c1,0.5446685552597046
CC(C)(CNC(=O)NC1CCN(Cc2ccn(-c3ccc(C#N)cc3)n2)CC1)OCC(C)(C)C,0.5445617437362671
Cc1ccc2n1CCC(Nc1cc(N(N)C(=O)N(C)Cc3ccccc3)ccc1C)C2,0.5443509221076965
O=C1OC(=Cc2cc([N+](=O)[O-])ccc2F)C(=O)N1c1cccc(C(F)(F)F)c1,0.544270932674408
CCCn1c(=O)c2nc(C=Cc3ccc(N(C)C)cc3)n(Cc3ccc(NC(=O)c4ccc(F)cc4)cc3)c2n(CCC)c1=O,0.5442082285881042
Nc1nc(N)c2nc(CSc3ccc(S(=O)(=O)N(Cc4ccccc4)c4ccccc4)cc3)ccc2n1,0.543870747089386
CCCc1nc(C(=O)NCCCN(CC)CC)c(C(=O)OC2CC3CCC(C2)N3C)n1Cc1ccccc1Br,0.5437822341918945
NC1=NC2CCC(=O)N2C(c2ccccc2)=NN1,0.5436745285987854
COc1cc(OC)nc(NS(=O)(=O)c2ccc(NCC(=O)Nc3cc(Cl)c([N+](=O)[O-])cc3Cl)cc2)n1,0.5436192750930786
O=c1oc2ccccc2c(=O)n1C1CCN(Cc2cccc(Cl)c2)CC1,0.5435571074485779
O=C(O)c1cccc(C=C2SC(=S)N(c3cccc(C(F)(F)F)c3)C2=O)c1,0.5435466170310974
COc1ccc(-c2nc3cc(OCCOCCN(C)C)ccc3n2CCN(CC)CCS(=O)(=O)N(C)C)cc1,0.5433003902435303
CCOc1ncccc1-c1cc(N(C)CC2CCN(C(C)=N)CC2)nc(N)n1,0.5427551865577698
CC(C)(C)C(=O)NC(=O)C(CC(=O)OC(C)(C)C)NC(=O)OCc1ccccc1,0.542400062084198
O=C(NCC1CCN(Cc2ccc(Cl)c(Cl)c2)C1)c1nnc(NCc2cccnc2)s1,0.5421002507209778
COc1ccc(C2NC(=NC#N)Nc3cc(C)c(C)cc3N2C)cc1,0.5419614911079407
CC(=O)c1ccc(C(=O)Nc2cc(Cl)cc(Cl)c2)s1,0.541475772857666
CC(=O)NC1(C(F)(F)F)C(=O)N(CC(=O)O)C(=O)CN(c2ccccc2F)S1(=O)=O,0.5413978099822998
CCc1ccc(-n2nc(C3=NNC(=S)NC3=O)c3cc(OC)c(OC)cc3c2=O)cc1,0.5412652492523193
CC(C)=CC=CC1C(C(=O)C(C)(C)C)CC(CO)=CC1O,0.5412030220031738
COc1cc(C(=O)c2cc(OC)c(OC)c(OC)c2)cc2c1OCCN(CCc1ccc(OC)c(OC)c1)C2,0.5411750674247742
Cc1ccc(S(=O)(=O)NCC(C)(C)CN(C)Cc2c(C)n(C)c3ccccc23)cc1C,0.5406100153923035
Cc1oc(-c2ccc(Cl)cc2)nc1Cn1cccc(C#N)c1=O,0.5405547618865967
COc1nc(NC(=O)Nc2ccc3c(c2)OCCCO3)nc(N(C)C)n1,0.540346086025238
Cc1ccc(NC(=S)N(Cc2cccnc2)C(=O)c2ccsc2)c(C)c1,0.5400603413581848
COc1ccc(C=CC(=O)c2ccc(NC(=O)C(N)CSCc3ccc(O)cc3)cc2)cc1C1(NC(=O)C(=NN)C(=O)O)C(=O)C(=O)N1CC(=O)O,0.5400474071502686
CC(=O)OCC(=O)C1(O)C(C)CC2C3CC(F)C4=CC(=O)C=CC4(C)C3(F)C(O)CC21C,0.5398243069648743
O=C1CC(=O)Nc2c1c(=O)[nH]c(=O)n2CCC1CCS(=O)(=O)CC1,0.539629340171814
Cc1cc(NC(=O)c2cc([N+](=O)[O-])cc([N+](=O)[O-])c2)c(NC(C)C)o1,0.5393850207328796
COc1ccc(OC)c(CNC(=O)C2CCN(S(=O)(=O)c3ccc(C)cc3)CC2)c1,0.5393315553665161
Cc1ccc(S(=O)(=O)NC(=O)Nc2cc(S(=O)(=O)N3CCOCC3)ccc2N2CC3CCC(CC(N)=O)CC3C2=O)cc1C,0.5392624139785767
c1ccc(CN2CCN(c3ncccc3CN3CCN(CC4CCNC4)CC3)CC2)cc1,0.539214015007019
CCOC(=O)C=C(C(=O)OCC)n1c(=O)oc(=O)c(Br)c1C(=O)OC,0.5390585064888
O=c1cc(OCc2nnc(-c3ccc(Cl)cc3)o2)nn[nH]1,0.5386894941329956
COc1cc2nc(N3CCN(c4ccc(F)cc4)CC3)nc(N)c2cc1OC,0.5380687713623047
COC(=O)c1cccc(C(=O)N(CC=C)C(CC)C(=O)N(C)Cc2ccc(N(C)C)cc2)c1,0.5378707647323608
COc1ccc(C)cc1NC(=O)NCC1(c2ccc(C(N)=O)cc2)CCOCC1,0.5378584265708923
CCCS(=O)(=O)c1ccc(N=Cc2c(O)c(CC)nc3cc(OC)c(OC)cc23)c(Cl)c1,0.5378222465515137
NC(CC(=O)N1CCNCC1Cc1ccc2ccccc2c1)C(=O)NO,0.537810742855072
Cc1ccccc1-c1cccc(CN2CCC(NC(=O)CNC(=O)C3CCCN(S(=O)(=O)c4cccc5cccnc45)CC3)CC2)c1,0.5374606847763062
CN1CC(COc2ccc(Cl)cc2C#N)OC1=O,0.537438154220581
CCN(CCNC(=O)C1CCN(S(=O)(=O)c2ccc(C)cc2)CC1)c1ccccc1,0.5369726419448853
CCOC(=O)c1c(-c2ccc(NS(C)(=O)=O)cc2)c(CC)cc2c1C(=O)C(=O)NC2=O,0.5364204049110413
CCOC(=O)c1ccc(NC(=O)NC(=S)N2CCc3ccccc3C2)cc1[N+](=O)[O-],0.5361867547035217
CCOC(=O)c1ccc(NC(=O)C2CCCN(S(=O)(=O)c3c(C)noc3C=CN(C)C)C2)c(C)c1C,0.5358267426490784
O=C(C(=O)NN=CC=Cc1ccc2c(c1)OCO2)c1cccc([N+](=O)[O-])c1,0.5353817939758301
COc1cc(C=C2CCC(=Cc3ccc(N(CCC#N)CCCN4CCOCC4)c(C)c3)C2=O)cc(Br)c1O,0.5350919961929321
NC(=O)c1ccccc1NC(=O)N1CCC(NC2CCC(O)(Cc3ccccc3)C2)C1,0.5347431898117065
COc1ccc(C)cc1N(CC(=O)NN=Cc1ccco1)S(=O)(=O)c1ccccc1,0.5346285700798035
COCC12CNCC(OC)(c3ccc(OCCOCCOCC)cc3)C1CC2,0.5340278148651123
Cc1ccccc1S(=O)(=O)NC(=O)C1(C)CCN1C(=O)CC(c1ccccc1)c1ccccc1,0.5339208841323853
CCC1Nc2ncnc(N3CCN(c4cccc(C)c4)CC3)c2N(Cc2ccc(C(=O)OC)cc2)C1=O,0.5331583619117737
COc1ccc(C=NNC(=O)CCNC(=O)c2ccc(C)c(C)c2)cc1,0.532645046710968
CCOC(=O)c1c(NC(=O)N(CC)CC)sc2c1CCN(Cc1ccccc1)C2,0.5325891971588135
CC(C)C(=O)N1CCN(c2ccc(NC(=O)c3cccc4c(O)c(N)nc(O)c34)cc2)CC1,0.5322105884552002
Nc1n[nH]c2cc(Nc3ccc(N=C=S)cc3)cc(Cl)c12,0.5318841338157654
NS(=O)(=O)c1ccc(N=Nc2ccc3nc(O)oc3c2)cc1,0.5310322046279907
COc1cc(C(=O)Nc2ccc(NC=CC(=O)c3cccc([N+](=O)[O-])c3)cc2)ccc1OCCCN,0.5299779772758484
COC(=O)c1ccccc1NC(=O)CNC(=O)c1ccc(-n2ccccc2=O)cc1,0.5296687483787537
CCCS(=O)(=O)N1CCN(CCCOc2ccc(NC=C3C(=O)NC(=O)N(c4cccc(C)c4C)C3=O)cc2)CC1,0.5295807719230652
O=C([O-])COc1ccc(Cl)c2ccccc12,0.5295474529266357
S=C(NCCc1ccc(Cl)cc1)N1CCCN(Cc2ccc3c(c2)OCO3)CC1,0.529147207736969
CSCCC(NC(=O)C(CC(=O)OC(C)(C)C)NC(=O)C(N)CCC(N)=O)C(=O)NCc1ccccc1,0.5291410088539124
CC(=O)N1CCC(CC(=O)N2CCC(N(C)C3CCC(c4cccc(C#N)c4)CC3)CCC2)C1=O,0.5291407108306885
CCOC(=O)C1=C(N)OC2=C(C(=O)CC(C)(C)C2)C1c1cccc(C)c1C(F)(F)F,0.5289781093597412
CCN1C(=O)C(=Cc2ccc(-c3ccc(Cl)c(C(=O)OC)c3)o2)C(=O)N(C)C1=O,0.5286197066307068
O=S(=O)(c1ccccc1)N1N=C(c2ccc(Cl)cc2)CC1c1ccc(Cl)cc1Cl,0.528325080871582
O=C(NCC(c1ccccc1)c1ccccc1)c1ccc(NC(=O)c2cccs2)c([N+](=O)[O-])c1,0.5274442434310913
O=C(Cc1ccc(=O)[nH]n1)NN=CC=Cc1ccc(Cl)c([N+](=O)[O-])c1,0.526897668838501
O=C1CSC(c2nnc(CSCCc3ccncc3)o2)N1,0.5265930891036987
COc1ccc2c(c1)C1CN(C)CCC1CN2CCCN(C)C,0.5259377360343933
CCOC(=O)CN1c2ccc(F)cc2S(=O)(=O)N=C(SC)c2c1ccn2-c1ccc(F)c(F)c1,0.5255477428436279
CN1CCN(c2c(F)c(N)c3c(=O)c4c(=O)osc4n(C)c3c2N(C)CCN(C)CC2CC2)C1,0.5254077315330505
C=CC1(O)CCC2C3CCC4=CC(=O)CCC4(C)C3CCC21C,0.5253674983978271
COc1cccc(-c2nc(CNCC(c3cccs3)N3CCCc4ccccc43)c(C)o2)c1,0.5230321288108826
CCCc1cccc(CCCn2nnc3ccccc3c2=O)c1,0.5218381881713867
CC(C)C(=O)CCC(C)C1CCC2C3CCC4CC(O)CCC4(C)C3CC(O)C12C,0.5215690732002258
CCOC(=O)ON=C1C2CCCN1C(=Nc1ncc(Cl)c(Cl)c1)ON2C(=O)CCC(=O)OC,0.5215470790863037
CC(CS)C(=O)N1CCN(c2ccc(C(=O)NS(=O)(=O)C3CC3)cc2)CC1,0.5214830040931702
CSC1=C(N2CCOCC2)C(=O)c2cccc(OC)c2C1=O,0.5212661623954773
O=C(ON=Cc1ccccc1F)c1ccccc1[N+](=O)[O-],0.5209912657737732
NC(=O)c1nc(N2CCNCC2)cc(C(F)(F)F)c1C1CCN(CCCSC(=O)Nc2ccc(S(=O)(=O)NC(=O)NC3CC3)cc2)CC1,0.5174020528793335
CC(C)CC(C(=O)NO)N(Cc1ccccc1[N+](=O)[O-])S(=O)(=O)c1ccc(Cl)cc1,0.5170045495033264
COc1ccc(C2=NN(C(=O)NS(=O)(=O)c3ccccc3[N+](=O)[O-])C(c3ccccc3Cl)C2)c(C)c1,0.5166181921958923
CSCCNC(=O)C(c1ccc(C)cc1)N(C(=O)Cc1cccs1)C1CC1,0.5154390931129456
CSc1ccc(-c2ccn(Cc3ccc(CS(=O)(=O)C4CC4)cc3)c(=O)c2)cn1,0.5137649774551392
C=CCC1=CCC2C(CCC(C)C2(C)O)C(C)(C)CC1(C)C,0.5135772824287415
CC(=O)c1ccc(N(CC(=O)NCCCN2CCSCC2)C(C)c2ccccc2)cc1,0.5123844742774963
Cn1c(-c2ccc([N+](=O)[O-])cc2)c(COC(=O)C2CC2)c2ccccc21,0.5115883946418762
O=C(CSC1=NS(=O)(=O)c2cc(Cl)ccc2S1)c1ccccc1,0.5098133683204651
CCNC(=O)NC(=O)CSc1n[nH]c(-c2ccc3c(c2)OCO3)n1,0.5085754990577698
O=C(Nc1nc2c(F)cccc2s1)C1CC1c1ccccc1F,0.5043314695358276
CC(C)(C)OC(=O)NCC(=O)NS(=O)(=O)c1ccc(C(=O)N=C(N)Nc2ccc(SCCc3ccccc3)cc2)cc1,0.5021445155143738
CS(=O)(=O)C1=NSC2=NC(=O)C(=Cc3c[nH]c4ccccc34)C(=O)N12,0.5012972950935364
N#Cc1c(N)nc(SCC(=O)O)c2c1CCC2,0.4993287920951843
CC(=O)CC12CCC(=O)C=C1CCC1C2C(O)CC2(C)C(C(=O)CSCCSC#N)CCC12O,0.49609488248825073
O=C(CCCc1ccccc1)Nc1cc2c(cc1Sc1ccccc1)OCC(=O)N2,0.49408379197120667
CC=CC=CC=CC=CC=CC=CC=CC=CC(OC)=CCOC(=O)C(C)CSC(=N)N,0.49336135387420654
CC(=O)NC(C)c1ccc(OC2CCN(c3cccc(N(CC4CC4)CC4CC5)n3)C2)c1,0.0
Cc1c(N=C(S)NC2CCN(c3ccccc3)CC2)c(C)[nH]c1=O,0.0
O=C(NCc1ccco1)c1cn(CCO)c2c(cc(Cl)c3ncccc3c1=O)c12,0.0
CC1=CC(=O)C(=CNC(=S)NCCCN2CCN(c3cccc(C)c3C)CC2)=C(CC(C)CC(=O)C(C)(C)C)O1,0.0
Oc1c(Cl)cc(-c2nc(N3CCNCC3)nc3sc(Cl)c(Cl)n23)c(Cl)c1Cl,0.0
CN(C)CCNC(=O)C1(C)c2nccc(O)c2C(=O)C2=C(O)C3(O)C(=O)C(=C(O)C=CC4C3COC(=O)C3)C(=O)C(C(=O)c3ccc(Cl)cc3)C1(C)C2=O,0.0
COc1cc2c(NC3CCN(Cc4cc(OC)c(OC)c(OC)c4)CC3)ncnc2c(NCCO)nc1N1CCC(C(N)=O)CC1,0.0
Fc1cc(C(c2c(O)c(-c3ccc(Cl)cc3)c3c(NCCCN4CCOCC4)sc(C(N)=O)c3c2)cc(C(F)(F)F)c(NS(=O)(=O)c2ccccc2)c1OC1CC1,0.0
CN(C)c1cc(NS(C)(=O)=O)ccc1Nc1c2ccccc2[n+]([O-])n(C)c1C,0.0
COc1ccc(C(=O)NC(=S)NNC(=O)c2cc3ccccc3nc2N)c1,0.0
CC(=O)NC(C)CCc1ccc(Oc2cccc(C(=N)N)c2)c1N,0.0
O=C(ON=C([N+](=N[O-])[O-])Nc1ccncc1,0.0
O=[N+]([O-])c1c(O)oc2ccccc2c1NCCc1ccccc1,0.0
